"MatchType","Value","File","Line","Context"
"BuiltInParameter","ALL_MODEL_INSTANCE_COMMENTS","BA\Core\ANNO_Rooms\ElementToRoomService.cs","22","// built-in (BuiltInParameter.ALL_MODEL_INSTANCE_COMMENTS) so it's resolved"
"BuiltInParameter","ALL_MODEL_INSTANCE_COMMENTS","BA\Core\ANNO_Overhead\ProxyManager.cs","102","var cmt = dc.get_Parameter(BuiltInParameter.ALL_MODEL_INSTANCE_COMMENTS);"
"BuiltInParameter","ALL_MODEL_INSTANCE_COMMENTS","BA\Core\ANNO_Rooms\ElementToRoomService.cs","81","p = e.get_Parameter(BuiltInParameter.ALL_MODEL_INSTANCE_COMMENTS);"
"BuiltInParameter","ALL_MODEL_INSTANCE_COMMENTS","BA\Core\ANNO_Overhead\ProxyStateStore.cs","244","var p = dc.get_Parameter(BuiltInParameter.ALL_MODEL_INSTANCE_COMMENTS);"
"BuiltInParameter","ALL_MODEL_TYPE_NAME","BA\Commands\Area\Cmd_InstallGhostMarkupSetup.cs","40","BuiltInParameter.ALL_MODEL_TYPE_NAME,"
"BuiltInParameter","CEILING_HEIGHTABOVELEVEL_PARAM","BA\Filters\RayBounce.cs","104","Parameter heightOffsetParam = ceiling.get_Parameter(BuiltInParameter.CEILING_HEIGHTABOVELEVEL_PARAM);"
"BuiltInParameter","CEILING_HEIGHTABOVELEVEL_PARAM","BA\Core\FIN_All\Finishes\FinishesByRoomService.cs","526","TrySetDouble(ceil, BuiltInParameter.CEILING_HEIGHTABOVELEVEL_PARAM, heightAboveLevel);"
"BuiltInParameter","ELEM_TYPE_PARAM","BA\Commands\Area\Cmd_InstallGhostMarkupSetup.cs","42","BuiltInParameter.ELEM_TYPE_PARAM"
"BuiltInParameter","FAMILY_ELEM_SUBCATEGORY","BA\Core\SUBcat\Services\GraphicsAssignmentService.cs","60","Parameter? p = e.get_Parameter(BuiltInParameter.FAMILY_ELEM_SUBCATEGORY);"
"BuiltInParameter","FAMILY_ELEM_SUBCATEGORY","BA\Core\SUBcat\Services\GraphicsAssignmentService.cs","40","return e.get_Parameter(BuiltInParameter.FAMILY_ELEM_SUBCATEGORY) != null;"
"BuiltInParameter","FAMILY_ELEM_SUBCATEGORY","BA\Core\SUBcat\Services\GraphicsAssignmentService.cs","137","Parameter? p = e.get_Parameter(BuiltInParameter.FAMILY_ELEM_SUBCATEGORY);"
"BuiltInParameter","FAMILY_LEVEL_PARAM","BA\Core\ANNO_Overhead\OverheadProxyUpdater.cs","321","BuiltInParameter.FAMILY_LEVEL_PARAM,"
"BuiltInParameter","FAMILY_ROUGH_HEIGHT_PARAM","BA\Core\AutoAnnotate\Services\BA_DimensionPlacementService.cs","362","try { builtIn = fi.get_Parameter(BuiltInParameter.FAMILY_ROUGH_HEIGHT_PARAM); }"
"BuiltInParameter","HOST_VOLUME_COMPUTED","BA\Commands\ElementModification\Cmd_GetVolume.cs","221","var param = element.get_Parameter(BuiltInParameter.HOST_VOLUME_COMPUTED);"
"BuiltInParameter","INSTANCE_REFERENCE_LEVEL_PARAM","BA\Core\ANNO_Overhead\OverheadProxyUpdater.cs","325","BuiltInParameter.INSTANCE_REFERENCE_LEVEL_PARAM"
"BuiltInParameter","INVALID","BA\Core\MNG_FamParameters\Views\FamilyParametersUI.xaml.cs","151","&& intDef.BuiltInParameter != BuiltInParameter.INVALID;"
"BuiltInParameter","INVALID","BA\Core\MNG_FamParameters\ExternalEvent\HarmonizerEventHandler.cs","399","idef.BuiltInParameter != BuiltInParameter.INVALID;"
"BuiltInParameter","INVALID","BA\Core\Export_PDF_DWG\Services\ParameterColumnDiscoveryService.cs","110","internalDefinition.BuiltInParameter != BuiltInParameter.INVALID)"
"BuiltInParameter","INVALID","BA\Core\Exporter_Excel\Helpers\ScheduleFieldTypeDetector.cs","129","bip = BuiltInParameter.INVALID;"
"BuiltInParameter","INVALID","BA\Core\Export_PDF_DWG\Services\BookletParameterDiscoveryService.cs","100","internalDefinition.BuiltInParameter != BuiltInParameter.INVALID)"
"BuiltInParameter","LEGEND_COMPONENT","BA\Core\Export_PDF_DWG\Services\LegendBookletService.cs","18","/// BuiltInParameter.LEGEND_COMPONENT.Set(typeId) retargets one. There"
"BuiltInParameter","LEGEND_COMPONENT","BA\Core\Export_PDF_DWG\Services\LegendBookletService.cs","86","var parameter = component.get_Parameter(BuiltInParameter.LEGEND_COMPONENT);"
"BuiltInParameter","LEVEL_PARAM","BA\Core\ANNO_Overhead\OverheadProxyUpdater.cs","322","BuiltInParameter.LEVEL_PARAM,"
"BuiltInParameter","OPTION_SET_ID","BA\Core\VisibilityDiagnostics\Services\Checks\DesignOptionVisibilityCheck.cs","58","activeOptionsSetId = activeOption?.get_Parameter(BuiltInParameter.OPTION_SET_ID)?.AsElementId() ?? ElementId.InvalidElementId;"
"BuiltInParameter","OPTION_SET_ID","BA\Core\VisibilityDiagnostics\Services\Checks\DesignOptionVisibilityCheck.cs","32","ElementId elementSetId = elementOption.get_Parameter(BuiltInParameter.OPTION_SET_ID)?.AsElementId() ?? ElementId.InvalidElementId;"
"BuiltInParameter","PROJECT_NAME","BA\Core\Export_PDF_DWG\Services\NamingTemplateEngine.cs","198","return GetProjectInfoParameterAsString(doc, BuiltInParameter.PROJECT_NAME, tokenName, view.Name);"
"BuiltInParameter","PROJECT_NAME","BA\Core\Export_PDF_DWG\Services\NamingTemplateEngine.cs","123","return GetProjectInfoParameterAsString(doc, BuiltInParameter.PROJECT_NAME, tokenName, sheet.SheetNumber);"
"BuiltInParameter","PROJECT_NUMBER","BA\Core\Export_PDF_DWG\Services\NamingTemplateEngine.cs","120","return GetProjectInfoParameterAsString(doc, BuiltInParameter.PROJECT_NUMBER, tokenName, sheet.SheetNumber);"
"BuiltInParameter","PROJECT_NUMBER","BA\Core\Export_PDF_DWG\Services\NamingTemplateEngine.cs","195","return GetProjectInfoParameterAsString(doc, BuiltInParameter.PROJECT_NUMBER, tokenName, view.Name);"
"BuiltInParameter","RBS_START_LEVEL_PARAM","BA\Core\ANNO_Overhead\OverheadProxyUpdater.cs","324","BuiltInParameter.RBS_START_LEVEL_PARAM,"
"BuiltInParameter","ROOM_FINISH_CEILING","BA\Core\FIN_All\FIN_Rooms\ParameterUtil.cs","99","p = room.get_Parameter(BuiltInParameter.ROOM_FINISH_CEILING);"
"BuiltInParameter","ROOM_FINISH_FLOOR","BA\Core\FIN_All\FIN_Rooms\ParameterUtil.cs","102","p = room.get_Parameter(BuiltInParameter.ROOM_FINISH_FLOOR);"
"BuiltInParameter","ROOM_HEIGHT","BA\Core\FIN_All\Finishes\FinishesByRoomService.cs","558","var p = room.get_Parameter(BuiltInParameter.ROOM_HEIGHT);"
"BuiltInParameter","ROOM_NUMBER","BA\Core\Zoom\Helpers\ZoomRevitHelpers.cs","33","///   ""BuiltIn"" or unset -> BuiltInParameter.ROOM_NUMBER"
"BuiltInParameter","ROOM_NUMBER","BA\Core\Zoom\Helpers\ZoomRevitHelpers.cs","70","var pB = e.get_Parameter(BuiltInParameter.ROOM_NUMBER);"
"BuiltInParameter","ROOM_NUMBER","BA\Core\Zoom\Helpers\ZoomRevitHelpers.cs","67","// ""BuiltIn"" or unset/unrecognized mode: BuiltInParameter.ROOM_NUMBER only, no fallback."
"BuiltInParameter","ROOM_NUMBER","BA\Core\ANNO_Rooms\ElementToRoomService.cs","15","// Source fallback uses BuiltInParameter.ROOM_NUMBER directly rather than"
"BuiltInParameter","ROOM_NUMBER","BA\Core\ANNO_Rooms\ElementToRoomService.cs","53","p = room.get_Parameter(BuiltInParameter.ROOM_NUMBER);"
"BuiltInParameter","SHEET_HEIGHT","BA\Core\Export_PDF_DWG\Services\PaperSizeDetectionService.cs","83","var heightParam = titleBlock.get_Parameter(BuiltInParameter.SHEET_HEIGHT);"
"BuiltInParameter","SHEET_WIDTH","BA\Core\Export_PDF_DWG\Services\PaperSizeDetectionService.cs","82","var widthParam = titleBlock.get_Parameter(BuiltInParameter.SHEET_WIDTH);"
"BuiltInParameter","SYMBOL_FAMILY_NAME_PARAM","BA\Core\ScopeBox\Models\ScopeBoxService.cs","276","Parameter familyParam = typeElem.get_Parameter(BuiltInParameter.SYMBOL_FAMILY_NAME_PARAM);"
"BuiltInParameter","SYMBOL_FAMILY_NAME_PARAM","BA\Core\MNG_Classification\Elements\RuleEvaluator.cs","168","var p = type.get_Parameter(BuiltInParameter.SYMBOL_FAMILY_NAME_PARAM);"
"BuiltInParameter","SYMBOL_NAME_PARAM","BA\Commands\Area\Cmd_InstallGhostMarkupSetup.cs","41","BuiltInParameter.SYMBOL_NAME_PARAM,"
"BuiltInParameter","TEXT_FONT","BA\Core\ANNO_Graphics\Util\ParamUtil.cs","102","var p = e.get_Parameter(BuiltInParameter.TEXT_FONT);"
"BuiltInParameter","TEXT_SIZE","BA\Core\ANNO_Graphics\Util\ParamUtil.cs","85","var p = e.get_Parameter(BuiltInParameter.TEXT_SIZE);"
"BuiltInParameter","VIEW_DESCRIPTION","BA\Core\AutoAnnotate\Services\BA_DimensionPlacementService.cs","302","Parameter p = view3D.get_Parameter(BuiltInParameter.VIEW_DESCRIPTION);"
"BuiltInParameter","VIEW_PHASE","BA\Core\VisibilityDiagnostics\Services\Checks\PhaseFilterVisibilityCheck.cs","28","Parameter? viewPhaseParam = view.get_Parameter(BuiltInParameter.VIEW_PHASE);"
"BuiltInParameter","VIEW_PHASE_FILTER","BA\Core\VisibilityDiagnostics\Services\Checks\PhaseFilterVisibilityCheck.cs","63","Parameter? phaseFilterParam = view.get_Parameter(BuiltInParameter.VIEW_PHASE_FILTER);"
"BuiltInParameter","VIEWER_VOLUME_OF_INTEREST_CROP","BA\Core\ScopeBox\Models\ScopeBoxService.cs","239","return view.get_Parameter(BuiltInParameter.VIEWER_VOLUME_OF_INTEREST_CROP);"
"BuiltInParameter","VIEWER_VOLUME_OF_INTEREST_CROP","BA\Core\VisibilityDiagnostics\Services\Checks\CropRegionVisibilityCheck.cs","86","Parameter? scopeBoxParam = view.get_Parameter(BuiltInParameter.VIEWER_VOLUME_OF_INTEREST_CROP);"
"BuiltInParameter","VIEWER_VOLUME_OF_INTEREST_CROP","BA\Core\Zoom\Helpers\ZoomCropHelper.cs","67","var scopeBoxParam = view.get_Parameter(BuiltInParameter.VIEWER_VOLUME_OF_INTEREST_CROP); // <- NEW"
"BuiltInParameter","VIEWER_VOLUME_OF_INTEREST_CROP","BA\Core\Zoom\Helpers\ZoomCropHelper.cs","15","/// A Scope Box assigned to the view (BuiltInParameter.VIEWER_VOLUME_OF_INTEREST_CROP) also"
"BuiltInParameter","VIS_GRAPHICS_MODEL","BA\Core\ANNO_Overhead\OverheadVgService.cs","244","/// includes BuiltInParameter.VIS_GRAPHICS_MODEL, meaning V/G Overrides Model"
"BuiltInParameter","VIS_GRAPHICS_MODEL","BA\Core\ANNO_Overhead\OverheadVgService.cs","254","long vgModelId = (long)BuiltInParameter.VIS_GRAPHICS_MODEL;"
"BuiltInParameter","VIS_GRAPHICS_MODEL","BA\Core\ANNO_Overhead\OverheadVgService.cs","97","/// containing BuiltInParameter.VIS_GRAPHICS_MODEL when NOT included. If a view's"
"BuiltInParameter","VIS_GRAPHICS_MODEL","BA\Core\VisibilityDiagnostics\Services\Checks\ViewTemplateLockCheck.cs","13","/// BuiltInParameter.VIS_GRAPHICS_MODEL (confirmed against an accepted-answer"
"BuiltInParameter","VOLUME_OF_INTEREST_NAME","BA\Core\ScopeBox\Models\ScopeBoxService.cs","246","Parameter p = scopeBox.get_Parameter(BuiltInParameter.VOLUME_OF_INTEREST_NAME);"
"BuiltInParameter","WALL_ATTR_WIDTH_PARAM","BA\Core\FIN_All\Views\ApplyFinishesByRoomsWindow.xaml.cs","445","var p = wt.get_Parameter(BuiltInParameter.WALL_ATTR_WIDTH_PARAM);"
"BuiltInParameter","WALL_BASE_CONSTRAINT","BA\Core\Keyplan\UI\KeyplanLevelPickerWindow.xaml.cs","511","Parameter baseLevelParam = wall.get_Parameter(BuiltInParameter.WALL_BASE_CONSTRAINT);"
"BuiltInParameter","WALL_BASE_CONSTRAINT","BA\Core\ANNO_Overhead\OverheadProxyUpdater.cs","323","BuiltInParameter.WALL_BASE_CONSTRAINT,"
"BuiltInParameter","WALL_HEIGHT_TYPE","BA\Core\CurveToElement\Services\WallGenerationService.cs","258","Parameter heightTypeParam = wall.get_Parameter(BuiltInParameter.WALL_HEIGHT_TYPE);"
"BuiltInParameter","WALL_KEY_REF_PARAM","BA\Core\CurveToElement\Services\WallLocationLineResolver.cs","50","Parameter locationLineParam = wall.get_Parameter(BuiltInParameter.WALL_KEY_REF_PARAM);"
"BuiltInParameter","WALL_TOP_OFFSET","BA\Core\CurveToElement\Services\WallGenerationService.cs","259","Parameter topOffsetParam = wall.get_Parameter(BuiltInParameter.WALL_TOP_OFFSET);"
"BuiltInParameter","XXX","BA\Core\MATERIALS\Services\MaterialIdentityService.cs","41","/// with material.get_Parameter(BuiltInParameter.XXX) for reliability independent of"
"DefinitionNameCompare","{3D}","BA\QA\FamilyVersioning\Dashboard\FamilyReviewEventHandler.cs","403","v.Name == ""{3D}"" &&"
"DefinitionNameCompare","{3D}","BA\QA\FamilyVersioning\Dashboard\FamilyReviewEventHandler.cs","259",".FirstOrDefault(v => !v.IsTemplate && v.Name == ""{3D}"" && !v.IsCallout);"
"DefinitionNameCompare","BA_Change","BA\Core\HLP_ChangeMonitor\ChangeMonitor.cs","801",".FirstOrDefault(pe => pe.GetDefinition()?.Name == ""BA_Change"");"
"DefinitionNameCompare","DialogId","BA\Core\BIM\Guards\SharedParameterDialogDiagnostic.cs","89","if (p.Name == ""DialogId"") continue;"
"DefinitionNameCompare","Lines","BA\Core\ANNO_Graphics\LinestyleHub\Collector\LineStyleCollector.cs","84","if (parentCat.Name == ""Lines"")"
"DefinitionNameCompare","LoadFamily","BA\Core\BIM\Guards\FamilyImportWarningGuard.cs","639",".Where(m => m.Name == ""LoadFamily"")"
"GuidLiteral","03a2b7d7-fb6a-45cb-ae50-13a0e46b8fa6","BA\Core\MNG_Classification\Rooms\Configuration\RoomClassificationParameterCatalog.cs","32","new RoomClassificationParameterDefinition(RoomClassificationParameterNames.RoomFinishCeiling, new Guid(""03a2b7d7-fb6a-45cb-ae50-13a0e46b8fa6"")),"
"GuidLiteral","05e62a0c-c174-4a63-ab54-9991a3819df9","BA\Core\Warnings\ExternalEvents\DuplicateInstanceReviewHandler.cs","27","new Guid(""05e62a0c-c174-4a63-ab54-9991a3819df9"") // ""duplicate instances of the same family in the same place"""
"GuidLiteral","1b9dacf3-db22-45d5-b071-42516278ffb1","BA\Core\Warnings\Models\WarningsDashboardSettings.cs","48","AddIfMissing(new Guid(""1b9dacf3-db22-45d5-b071-42516278ffb1""), ""Highlighted elements are joined but do not intersect."");"
"GuidLiteral","2c9a4e1b-3f3b-4c7f-9c0e-6d2c1b7e9f41","BA\Core\Ledger\Models\LedgerModels.cs","43","/// Key = shared parameter GUID as string (""D"" format, e.g. ""2c9a4e1b-3f3b-4c7f-9c0e-6d2c1b7e9f41"")."
"GuidLiteral","2F4B7E92-1E6B-4F6A-8D4A-1F7E8C2B9C31","BA\Core\ANNO_Overhead\OverheadSettingsStore.cs","15","private static readonly Guid SchemaGuidV3 = new(""2F4B7E92-1E6B-4F6A-8D4A-1F7E8C2B9C31"");"
"GuidLiteral","3D1D7B5F-9A34-4D2E-9C43-5B1D81B4D2A6","BA\Core\ANNO_Overhead\OverheadSettingsStore.cs","20","private static readonly Guid SchemaGuidV4 = new(""3D1D7B5F-9A34-4D2E-9C43-5B1D81B4D2A6"");"
"GuidLiteral","3F4A0B87-8F3E-42E1-8F0F-1C3A3B0D8D31","BA\Core\ANNO_Overhead\OverheadStateStore.cs","12","private static readonly Guid SchemaGuid = new(""3F4A0B87-8F3E-42E1-8F0F-1C3A3B0D8D31"");"
"GuidLiteral","5fe01f22-0e6f-476d-962f-f2c4712b4b04","BA\Core\MNG_Classification\Rooms\Configuration\RoomClassificationParameterCatalog.cs","25","new RoomClassificationParameterDefinition(RoomClassificationParameterNames.Department,        new Guid(""5fe01f22-0e6f-476d-962f-f2c4712b4b04"")),"
"GuidLiteral","6B2E1A4D-9F0C-4E2B-8B7A-3D1F5C9E7A22","BA\Core\Ledger\Services\CentralIdentifierService.cs","17","private static readonly Guid SchemaGuid = new Guid(""6B2E1A4D-9F0C-4E2B-8B7A-3D1F5C9E7A22"");"
"GuidLiteral","76f6c728-a27e-4db5-a0be-0ce8fb84ebde","BA\Core\MNG_Classification\Rooms\Configuration\RoomClassificationParameterCatalog.cs","24","new RoomClassificationParameterDefinition(RoomClassificationParameterNames.ProgramType,       new Guid(""76f6c728-a27e-4db5-a0be-0ce8fb84ebde"")),"
"GuidLiteral","7c49abd4-5b84-4ae6-8081-76687bd4fba6","BA\Core\MNG_Classification\Rooms\Configuration\RoomClassificationParameterCatalog.cs","30","new RoomClassificationParameterDefinition(RoomClassificationParameterNames.RoomFinishFloor,   new Guid(""7c49abd4-5b84-4ae6-8081-76687bd4fba6"")),"
"GuidLiteral","85168c2e-f8b6-4e88-b975-b41b93381416","BA\Core\MNG_Classification\Rooms\Configuration\RoomClassificationParameterCatalog.cs","28","new RoomClassificationParameterDefinition(RoomClassificationParameterNames.RoomGroup,         new Guid(""85168c2e-f8b6-4e88-b975-b41b93381416"")),"
"GuidLiteral","8A1F8D2E-4B5C-4C2F-B9C3-2D3E8B7A90F1","BA\Core\ANNO_Overhead\OverheadSettingsStore.cs","14","private static readonly Guid SchemaGuidV2 = new(""8A1F8D2E-4B5C-4C2F-B9C3-2D3E8B7A90F1"");"
"GuidLiteral","8a4c9f75-5f6b-4a6b-8a4e-7a7c1a9a1111","BA\Core\ANNO_Overhead\OverheadProxyUpdater.cs","15","private static readonly Guid UpdaterGuid = new(""8a4c9f75-5f6b-4a6b-8a4e-7a7c1a9a1111"");"
"GuidLiteral","8D83B3C3-7C9B-4E3B-9A5B-2E4E3E5A8F21","BATools-Installer\InstallerConfig.cs","23","public const string AddinIdGuid = ""8D83B3C3-7C9B-4E3B-9A5B-2E4E3E5A8F21"";"
"GuidLiteral","8e360a35-f8c2-40b1-9655-00b3d5041ea0","BA\Core\Warnings\Models\WarningsDashboardSettings.cs","49","AddIfMissing(new Guid(""8e360a35-f8c2-40b1-9655-00b3d5041ea0""), ""JoiningDisjoint (Error severity)"");"
"GuidLiteral","8F3E2C7A-1B4D-4A9E-9C6F-2E8B7D4A1F53","BA\Core\Ledger\Services\ProjectSetService.cs","41","private static readonly Guid SchemaGuid = new Guid(""8F3E2C7A-1B4D-4A9E-9C6F-2E8B7D4A1F53"");"
"GuidLiteral","A3D1F0B2-6C7E-4A2B-9E6D-2B7C4F1A9D33","BA\Core\ANNO_Overhead\OverheadVisibilitySnapshotStore.cs","28","private static readonly Guid SchemaGuid = new(""A3D1F0B2-6C7E-4A2B-9E6D-2B7C4F1A9D33"");"
"GuidLiteral","a4123cc6-b061-496f-adb5-2a99c8d7c1ad","BA\Core\MNG_Classification\Rooms\Configuration\RoomClassificationParameterCatalog.cs","26","new RoomClassificationParameterDefinition(RoomClassificationParameterNames.RoomFunction,      new Guid(""a4123cc6-b061-496f-adb5-2a99c8d7c1ad"")),"
"GuidLiteral","A4C7F1E2-3B6D-4F8A-9E1C-5D2A8B7C4F91","BA\Core\Ledger\Services\LedgerEnabledService.cs","26","private static readonly Guid SchemaGuid = new Guid(""A4C7F1E2-3B6D-4F8A-9E1C-5D2A8B7C4F91"");"
"GuidLiteral","A7F3C2D1-6E4B-4A8F-B2D5-9C1E3F7A0B4E","BA\Core\ANNO_Overhead\OverheadSettingsStore.cs","23","private static readonly Guid SchemaGuidV5 = new(""A7F3C2D1-6E4B-4A8F-B2D5-9C1E3F7A0B4E"");"
"GuidLiteral","aad8447a-484d-40b5-9ef2-cddeee46b002","BA\Core\MNG_Classification\Rooms\Configuration\RoomClassificationParameterCatalog.cs","27","new RoomClassificationParameterDefinition(RoomClassificationParameterNames.RoomCode,          new Guid(""aad8447a-484d-40b5-9ef2-cddeee46b002"")),"
"GuidLiteral","B0B0B0B0-0000-0000-0000-000000000001","BA\Core\Sel.MNG\ViewModels\SetsToolbarTabViewModel.cs","22","public Guid Id { get; } = new Guid(""B0B0B0B0-0000-0000-0000-000000000001"");"
"GuidLiteral","b1c8f862-00fc-4046-b92c-6ca64d53384f","BA\Core\VisibilityDiagnostics\Services\Checks\VisibilityWarningWatcher.cs","41","new Guid(""b1c8f862-00fc-4046-b92c-6ca64d53384f"");"
"GuidLiteral","B8C2E3E1-0B59-4C0B-9F0A-4BFAE2F8E7A2","BA\Core\ANNO_Overhead\ProxyStateStore.cs","22","private static readonly Guid SchemaGuid = new(""B8C2E3E1-0B59-4C0B-9F0A-4BFAE2F8E7A2"");"
"GuidLiteral","C1D2E3F4-A5B6-7890-CDEF-123456789ABC","BA\Core\Sel.MNG\Panes\SelectionManagerDockablePane.cs","10","new DockablePaneId(new System.Guid(""C1D2E3F4-A5B6-7890-CDEF-123456789ABC""));"
"GuidLiteral","C9F2B0C1-1F9A-4B8D-8F25-9A7E2F0B3C10","BA\Core\ANNO_Overhead\OverheadSettingsStore.cs","13","private static readonly Guid SchemaGuidV1 = new(""C9F2B0C1-1F9A-4B8D-8F25-9A7E2F0B3C10"");"
"GuidLiteral","d731eae0-e34f-40b3-9455-7697d2602395","BA\Core\MNG_Classification\Rooms\Configuration\RoomClassificationParameterCatalog.cs","31","new RoomClassificationParameterDefinition(RoomClassificationParameterNames.RoomFinishWall,    new Guid(""d731eae0-e34f-40b3-9455-7697d2602395"")),"
"GuidLiteral","e455df9c-f793-4d5c-9ff6-17a0645e8b42","BA\Core\MNG_Classification\Rooms\Configuration\RoomClassificationParameterCatalog.cs","33","new RoomClassificationParameterDefinition(RoomClassificationParameterNames.RoomFinishBase,    new Guid(""e455df9c-f793-4d5c-9ff6-17a0645e8b42"")), // REPLACE before running"
"GuidLiteral","f58bb8b0-bc29-4a56-83f3-02ab0ca2eab6","BA\Core\MNG_Classification\Rooms\Configuration\RoomClassificationParameterCatalog.cs","29","new RoomClassificationParameterDefinition(RoomClassificationParameterNames.FinishTier,        new Guid(""f58bb8b0-bc29-4a56-83f3-02ab0ca2eab6"")), // REPLACE before running"
"GuidLiteral","FA000000-0000-0000-0000-000000000001","BA\Core\Sel.MNG\ViewModels\FamiliesToolbarTabViewModel.cs","17","public Guid Id { get; } = new Guid(""FA000000-0000-0000-0000-000000000001"");"
"GuidLiteral","ff5efbc8-1c4e-4029-9ff2-6914cfa7dbd2","BA\Core\MNG_Classification\Rooms\Configuration\RoomClassificationParameterCatalog.cs","23","new RoomClassificationParameterDefinition(RoomClassificationParameterNames.RoomKey,           new Guid(""ff5efbc8-1c4e-4029-9ff2-6914cfa7dbd2"")),"
"LookupParameter","BA.Tls_AssignedUser","BA\Core\Markup\Commands\MarkupCleanupCommand.cs","121","var assignedParam = instance.LookupParameter(""BA.Tls_AssignedUser"");"
"LookupParameter","BA.Tls_AssignedUser","BA\Core\Markup\Commands\MarkupCleanupCommand.cs","142","var assignedParam = instance.LookupParameter(""BA.Tls_AssignedUser"");"
"LookupParameter","BA_Change","BA\Core\HLP_ChangeMonitor\ChangeMonitor.cs","774","var p = el.LookupParameter(""BA_Change"");"
"LookupParameter","BA_TemplateVersion","BA\BIMHUB\Services\BimHubHealthService.cs","69","var param = projInfo?.LookupParameter(""BA_TemplateVersion"");"
"LookupParameter","Elevation from Level","BA\Filters\RayBounce.cs","118","Parameter elevationParam = selectedElement.LookupParameter(""Elevation from Level"");"
"LookupParameter","Font","BA\Core\ANNO_Graphics\Util\ParamUtil.cs","108","p = e.LookupParameter(""Font"");"
"LookupParameter","Text Font","BA\Core\ANNO_Graphics\Util\ParamUtil.cs","105","p = e.LookupParameter(""Text Font"");"
"LookupParameter","Text Size","BA\Core\ANNO_Graphics\Util\ParamUtil.cs","91","p = e.LookupParameter(""Text Size"");"
"LookupParameter","Textsize","BA\Core\ANNO_Graphics\Util\ParamUtil.cs","94","p = e.LookupParameter(""Textsize"");"
